{
  "count": 33,
  "value": [
    {
      "id": 108,
      "rev": 3,
      "fields": {
        "System.AreaPath": "SQL_CAF_Project_Template",
        "System.TeamProject": "SQL_CAF_Project_Template",
        "System.IterationPath": "$ProjectName$\\Iteration 1",
        "System.WorkItemType": "Task",
        "System.State": "New",
        "System.Reason": "New",
        "System.CreatedDate": "2020-07-02T03:32:15.53Z",
        "System.CreatedBy": "Viswanadham kudapu <Viswanadham.kudapu@peopletech.com>",
        "System.ChangedDate": "2020-07-02T04:39:57.953Z",
        "System.ChangedBy": "Viswanadham kudapu <Viswanadham.kudapu@peopletech.com>",
        "System.Title": "SQL Data Migration documents review",
        "Microsoft.VSTS.Scheduling.Effort": 0.0,
        "System.Description": "<table width=406 style=\"border-collapse:collapse;width:305pt;\" border=0 cellspacing=0 cellpadding=0>\n <colgroup><col width=406 style=\"width:305pt;\">\n </colgroup><tbody><tr height=34 style=\"height:25.5pt;\">\n\n  <td width=406 height=34 style=\"height:25.5pt;width:305pt;\">Review\n  meeting with stakeholders for tracking progress of the project</td>\n\n </tr>\n</tbody></table>",
        "System.AssignedTo": null,
        "Microsoft.VSTS.Scheduling.RemainingWork": 0.0,
        "Microsoft.VSTS.Common.Priority": 2.0,
        "System.BoardLane": null,
        "System.Tags": null,
        "Microsoft.VSTS.TCM.Steps": null,
        "Microsoft.VSTS.TCM.Parameters": null,
        "Microsoft.VSTS.TCM.LocalDataSource": null,
        "Microsoft.VSTS.TCM.AutomationStatus": null,
        "System.History": null
      },
      "relations": [
        {
          "rel": "System.LinkTypes.Hierarchy-Reverse",
          "url": "https://dev.azure.com/Viswanadhamkudapu/_apis/wit/workItems/116",
          "attributes": {
            "isLocked": "false",
            "comment": "Making a new link for the dependency",
            "name": "Parent"
          }
        }
      ],
      "url": "https://dev.azure.com/Viswanadhamkudapu/_apis/wit/workItems/108"
    },
    {
      "id": 107,
      "rev": 2,
      "fields": {
        "System.AreaPath": "SQL_CAF_Project_Template",
        "System.TeamProject": "SQL_CAF_Project_Template",
        "System.IterationPath": "$ProjectName$\\Iteration 1",
        "System.WorkItemType": "Task",
        "System.State": "New",
        "System.Reason": "New",
        "System.CreatedDate": "2020-07-02T03:32:15.253Z",
        "System.CreatedBy": "Viswanadham kudapu <Viswanadham.kudapu@peopletech.com>",
        "System.ChangedDate": "2020-07-02T03:44:51.23Z",
        "System.ChangedBy": "Viswanadham kudapu <Viswanadham.kudapu@peopletech.com>",
        "System.Title": "SQL Data Migration Project review meeting",
        "Microsoft.VSTS.Scheduling.Effort": 0.0,
        "System.Description": "Review migration documents with stakeholders",
        "System.AssignedTo": null,
        "Microsoft.VSTS.Scheduling.RemainingWork": 0.0,
        "Microsoft.VSTS.Common.Priority": 2.0,
        "System.BoardLane": null,
        "System.Tags": null,
        "Microsoft.VSTS.TCM.Steps": null,
        "Microsoft.VSTS.TCM.Parameters": null,
        "Microsoft.VSTS.TCM.LocalDataSource": null,
        "Microsoft.VSTS.TCM.AutomationStatus": null,
        "System.History": null
      },
      "relations": [
        {
          "rel": "System.LinkTypes.Hierarchy-Reverse",
          "url": "https://dev.azure.com/Viswanadhamkudapu/_apis/wit/workItems/116",
          "attributes": {
            "isLocked": "false",
            "comment": "Making a new link for the dependency",
            "name": "Parent"
          }
        }
      ],
      "url": "https://dev.azure.com/Viswanadhamkudapu/_apis/wit/workItems/107"
    },
    {
      "id": 106,
      "rev": 4,
      "fields": {
        "System.AreaPath": "SQL_CAF_Project_Template",
        "System.TeamProject": "SQL_CAF_Project_Template",
        "System.IterationPath": "$ProjectName$\\Iteration 1",
        "System.WorkItemType": "Task",
        "System.State": "New",
        "System.Reason": "New",
        "System.CreatedDate": "2020-07-02T03:32:14.93Z",
        "System.CreatedBy": "Viswanadham kudapu <Viswanadham.kudapu@peopletech.com>",
        "System.ChangedDate": "2020-07-02T04:43:38.44Z",
        "System.ChangedBy": "Viswanadham kudapu <Viswanadham.kudapu@peopletech.com>",
        "System.Title": "Monitoring and Reporting",
        "Microsoft.VSTS.Scheduling.Effort": 0.0,
        "System.Description": "<ul><li><span>Detect and diagnose issues across applications and dependencies with Application Insights.<br></span></li><li>Correlate infrastructure issues with Azure Monitor for VMs and Azure Monitor for Containers.​</li><li>Troubleshoot and diagnoise monitoring data using Log Analytics.​</li><li>Create visualizations with Azure dashboards and workbooks.​</li><li>Set up Service Health alerts in Azure Service Health to get notified about service issues, planned maintenance, or other changes that might affect Azure services.​</li><li>Review and act on recommendations from Azure Advisor.​</li></ul><span></span>",
        "System.AssignedTo": null,
        "Microsoft.VSTS.Scheduling.RemainingWork": 0.0,
        "Microsoft.VSTS.Common.Priority": 2.0,
        "System.BoardLane": null,
        "System.Tags": null,
        "Microsoft.VSTS.TCM.Steps": null,
        "Microsoft.VSTS.TCM.Parameters": null,
        "Microsoft.VSTS.TCM.LocalDataSource": null,
        "Microsoft.VSTS.TCM.AutomationStatus": null,
        "System.History": null
      },
      "relations": [
        {
          "rel": "System.LinkTypes.Hierarchy-Reverse",
          "url": "https://dev.azure.com/Viswanadhamkudapu/_apis/wit/workItems/115",
          "attributes": {
            "isLocked": "false",
            "comment": "Making a new link for the dependency",
            "name": "Parent"
          }
        }
      ],
      "url": "https://dev.azure.com/Viswanadhamkudapu/_apis/wit/workItems/106"
    },
    {
      "id": 105,
      "rev": 4,
      "fields": {
        "System.AreaPath": "SQL_CAF_Project_Template",
        "System.TeamProject": "SQL_CAF_Project_Template",
        "System.IterationPath": "$ProjectName$\\Iteration 1",
        "System.WorkItemType": "Task",
        "System.State": "New",
        "System.Reason": "New",
        "System.CreatedDate": "2020-07-02T03:32:14.023Z",
        "System.CreatedBy": "Viswanadham kudapu <Viswanadham.kudapu@peopletech.com>",
        "System.ChangedDate": "2020-07-02T04:44:57.207Z",
        "System.ChangedBy": "Viswanadham kudapu <Viswanadham.kudapu@peopletech.com>",
        "System.Title": "Governance, Security and Compliance",
        "Microsoft.VSTS.Scheduling.Effort": 0.0,
        "System.Description": "<ul><li><span>Set up policy initiative, initiative definition and assignments using Azure Policy.<br></span></li><li>Create Azure Blueprint to orchestrate role assignments, policy assignments, Azure Resource Manager templates and Resource groups.​</li><li>Deploy Azure resources using defined blueprint.​</li><li>Review security status using Azure Security Center and then take action on the findings and recommendations.​</li></ul>",
        "System.AssignedTo": null,
        "Microsoft.VSTS.Scheduling.RemainingWork": 0.0,
        "Microsoft.VSTS.Common.Priority": 2.0,
        "System.BoardLane": null,
        "System.Tags": null,
        "Microsoft.VSTS.TCM.Steps": null,
        "Microsoft.VSTS.TCM.Parameters": null,
        "Microsoft.VSTS.TCM.LocalDataSource": null,
        "Microsoft.VSTS.TCM.AutomationStatus": null,
        "System.History": null
      },
      "relations": [
        {
          "rel": "System.LinkTypes.Hierarchy-Reverse",
          "url": "https://dev.azure.com/Viswanadhamkudapu/_apis/wit/workItems/115",
          "attributes": {
            "isLocked": "false",
            "comment": "Making a new link for the dependency",
            "name": "Parent"
          }
        }
      ],
      "url": "https://dev.azure.com/Viswanadhamkudapu/_apis/wit/workItems/105"
    },
    {
      "id": 104,
      "rev": 4,
      "fields": {
        "System.AreaPath": "SQL_CAF_Project_Template",
        "System.TeamProject": "SQL_CAF_Project_Template",
        "System.IterationPath": "$ProjectName$\\Iteration 1",
        "System.WorkItemType": "Task",
        "System.State": "New",
        "System.Reason": "New",
        "System.CreatedDate": "2020-07-02T03:32:13.743Z",
        "System.CreatedBy": "Viswanadham kudapu <Viswanadham.kudapu@peopletech.com>",
        "System.ChangedDate": "2020-07-02T04:45:50.21Z",
        "System.ChangedBy": "Viswanadham kudapu <Viswanadham.kudapu@peopletech.com>",
        "System.Title": "Manage Costs",
        "Microsoft.VSTS.Scheduling.Effort": 0.0,
        "System.Description": "<ul><li><span>Perform cost analysis using Azure cloud costs.<br></span></li><li>Analyze actual, budget and forecast cost views.​</li><li>Create budget and then configure alerts to track its threshold.​</li><li>Review Azure recommendations to identify idle and underused resources, then take action.​</li></ul><span></span>",
        "System.AssignedTo": null,
        "Microsoft.VSTS.Scheduling.RemainingWork": 0.0,
        "Microsoft.VSTS.Common.Priority": 2.0,
        "System.BoardLane": null,
        "System.Tags": null,
        "Microsoft.VSTS.TCM.Steps": null,
        "Microsoft.VSTS.TCM.Parameters": null,
        "Microsoft.VSTS.TCM.LocalDataSource": null,
        "Microsoft.VSTS.TCM.AutomationStatus": null,
        "System.History": null
      },
      "relations": [
        {
          "rel": "System.LinkTypes.Hierarchy-Reverse",
          "url": "https://dev.azure.com/Viswanadhamkudapu/_apis/wit/workItems/115",
          "attributes": {
            "isLocked": "false",
            "comment": "Making a new link for the dependency",
            "name": "Parent"
          }
        }
      ],
      "url": "https://dev.azure.com/Viswanadhamkudapu/_apis/wit/workItems/104"
    },
    {
      "id": 103,
      "rev": 4,
      "fields": {
        "System.AreaPath": "SQL_CAF_Project_Template",
        "System.TeamProject": "SQL_CAF_Project_Template",
        "System.IterationPath": "$ProjectName$\\Iteration 1",
        "System.WorkItemType": "Task",
        "System.State": "New",
        "System.Reason": "New",
        "System.CreatedDate": "2020-07-02T03:32:12.847Z",
        "System.CreatedBy": "Viswanadham kudapu <Viswanadham.kudapu@peopletech.com>",
        "System.ChangedDate": "2020-07-02T04:46:32.65Z",
        "System.ChangedBy": "Viswanadham kudapu <Viswanadham.kudapu@peopletech.com>",
        "System.Title": "Manage Access",
        "Microsoft.VSTS.Scheduling.Effort": 0.0,
        "System.Description": "<ul><li>Assign RBAC roles at management group, subscription, resource group and resource levels.</li></ul>",
        "System.AssignedTo": null,
        "Microsoft.VSTS.Scheduling.RemainingWork": 0.0,
        "Microsoft.VSTS.Common.Priority": 2.0,
        "System.BoardLane": null,
        "System.Tags": null,
        "Microsoft.VSTS.TCM.Steps": null,
        "Microsoft.VSTS.TCM.Parameters": null,
        "Microsoft.VSTS.TCM.LocalDataSource": null,
        "Microsoft.VSTS.TCM.AutomationStatus": null,
        "System.History": null
      },
      "relations": [
        {
          "rel": "System.LinkTypes.Hierarchy-Reverse",
          "url": "https://dev.azure.com/Viswanadhamkudapu/_apis/wit/workItems/115",
          "attributes": {
            "isLocked": "false",
            "comment": "Making a new link for the dependency",
            "name": "Parent"
          }
        }
      ],
      "url": "https://dev.azure.com/Viswanadhamkudapu/_apis/wit/workItems/103"
    },
    {
      "id": 102,
      "rev": 4,
      "fields": {
        "System.AreaPath": "SQL_CAF_Project_Template",
        "System.TeamProject": "SQL_CAF_Project_Template",
        "System.IterationPath": "$ProjectName$\\Iteration 1",
        "System.WorkItemType": "Task",
        "System.State": "New",
        "System.Reason": "New",
        "System.CreatedDate": "2020-07-02T03:32:12.563Z",
        "System.CreatedBy": "Viswanadham kudapu <Viswanadham.kudapu@peopletech.com>",
        "System.ChangedDate": "2020-07-02T04:47:23.57Z",
        "System.ChangedBy": "Viswanadham kudapu <Viswanadham.kudapu@peopletech.com>",
        "System.Title": "Organize resources",
        "Microsoft.VSTS.Scheduling.Effort": 0.0,
        "System.Description": "<ul><li>Define a management group hierarchy using management groups, subscriptions, resource groups, and resources.​</li><li>Define naming standard for components considering business and operational details.​</li><li><span>Apply tags to Azure resources.</span></li></ul>",
        "System.AssignedTo": null,
        "Microsoft.VSTS.Scheduling.RemainingWork": 0.0,
        "Microsoft.VSTS.Common.Priority": 2.0,
        "System.BoardLane": null,
        "System.Tags": null,
        "Microsoft.VSTS.TCM.Steps": null,
        "Microsoft.VSTS.TCM.Parameters": null,
        "Microsoft.VSTS.TCM.LocalDataSource": null,
        "Microsoft.VSTS.TCM.AutomationStatus": null,
        "System.History": null
      },
      "relations": [
        {
          "rel": "System.LinkTypes.Hierarchy-Reverse",
          "url": "https://dev.azure.com/Viswanadhamkudapu/_apis/wit/workItems/115",
          "attributes": {
            "isLocked": "false",
            "comment": "Making a new link for the dependency",
            "name": "Parent"
          }
        }
      ],
      "url": "https://dev.azure.com/Viswanadhamkudapu/_apis/wit/workItems/102"
    },
    {
      "id": 101,
      "rev": 2,
      "fields": {
        "System.AreaPath": "SQL_CAF_Project_Template",
        "System.TeamProject": "SQL_CAF_Project_Template",
        "System.IterationPath": "$ProjectName$\\Iteration 1",
        "System.WorkItemType": "Task",
        "System.State": "New",
        "System.Reason": "New",
        "System.CreatedDate": "2020-07-02T03:32:11.667Z",
        "System.CreatedBy": "Viswanadham kudapu <Viswanadham.kudapu@peopletech.com>",
        "System.ChangedDate": "2020-07-02T03:44:51.23Z",
        "System.ChangedBy": "Viswanadham kudapu <Viswanadham.kudapu@peopletech.com>",
        "System.Title": "Release and Additional Resources",
        "Microsoft.VSTS.Scheduling.Effort": 0.0,
        "System.Description": "Familiarize and practice hands-on lab for migrating a work load from on-premises SQL to Azure Managed Instance",
        "System.AssignedTo": null,
        "Microsoft.VSTS.Scheduling.RemainingWork": 0.0,
        "Microsoft.VSTS.Common.Priority": 2.0,
        "System.BoardLane": null,
        "System.Tags": null,
        "Microsoft.VSTS.TCM.Steps": null,
        "Microsoft.VSTS.TCM.Parameters": null,
        "Microsoft.VSTS.TCM.LocalDataSource": null,
        "Microsoft.VSTS.TCM.AutomationStatus": null,
        "System.History": null
      },
      "relations": [
        {
          "rel": "System.LinkTypes.Hierarchy-Reverse",
          "url": "https://dev.azure.com/Viswanadhamkudapu/_apis/wit/workItems/114",
          "attributes": {
            "isLocked": "false",
            "comment": "Making a new link for the dependency",
            "name": "Parent"
          }
        }
      ],
      "url": "https://dev.azure.com/Viswanadhamkudapu/_apis/wit/workItems/101"
    },
    {
      "id": 100,
      "rev": 3,
      "fields": {
        "System.AreaPath": "SQL_CAF_Project_Template",
        "System.TeamProject": "SQL_CAF_Project_Template",
        "System.IterationPath": "$ProjectName$\\Iteration 1",
        "System.WorkItemType": "Task",
        "System.State": "New",
        "System.Reason": "New",
        "System.CreatedDate": "2020-07-02T03:32:11.37Z",
        "System.CreatedBy": "Viswanadham kudapu <Viswanadham.kudapu@peopletech.com>",
        "System.ChangedDate": "2020-07-02T04:23:38.77Z",
        "System.ChangedBy": "Viswanadham kudapu <Viswanadham.kudapu@peopletech.com>",
        "System.Title": "Deployment and Migration Testing",
        "Microsoft.VSTS.Scheduling.Effort": 0.0,
        "System.Description": "<ul><li>Assess and choose deployment methods for migrating on-premises SQL to Azure Managed Instance</li><li>Assess and choose testing methods for migrating on-premises SQL to Azure Managed Instance</li></ul>",
        "System.AssignedTo": null,
        "Microsoft.VSTS.Scheduling.RemainingWork": 0.0,
        "Microsoft.VSTS.Common.Priority": 2.0,
        "System.BoardLane": null,
        "System.Tags": null,
        "Microsoft.VSTS.TCM.Steps": null,
        "Microsoft.VSTS.TCM.Parameters": null,
        "Microsoft.VSTS.TCM.LocalDataSource": null,
        "Microsoft.VSTS.TCM.AutomationStatus": null,
        "System.History": null
      },
      "relations": [
        {
          "rel": "System.LinkTypes.Hierarchy-Reverse",
          "url": "https://dev.azure.com/Viswanadhamkudapu/_apis/wit/workItems/114",
          "attributes": {
            "isLocked": "false",
            "comment": "Making a new link for the dependency",
            "name": "Parent"
          }
        }
      ],
      "url": "https://dev.azure.com/Viswanadhamkudapu/_apis/wit/workItems/100"
    },
    {
      "id": 99,
      "rev": 2,
      "fields": {
        "System.AreaPath": "SQL_CAF_Project_Template",
        "System.TeamProject": "SQL_CAF_Project_Template",
        "System.IterationPath": "$ProjectName$\\Iteration 1",
        "System.WorkItemType": "Task",
        "System.State": "New",
        "System.Reason": "New",
        "System.CreatedDate": "2020-07-02T03:32:10.427Z",
        "System.CreatedBy": "Viswanadham kudapu <Viswanadham.kudapu@peopletech.com>",
        "System.ChangedDate": "2020-07-02T03:44:51.23Z",
        "System.ChangedBy": "Viswanadham kudapu <Viswanadham.kudapu@peopletech.com>",
        "System.Title": "Assessment",
        "Microsoft.VSTS.Scheduling.Effort": 0.0,
        "System.Description": "Use tools to assess migrating a work load from on-premises SQL to Azure Managed Instance",
        "System.AssignedTo": null,
        "Microsoft.VSTS.Scheduling.RemainingWork": 0.0,
        "Microsoft.VSTS.Common.Priority": 2.0,
        "System.BoardLane": null,
        "System.Tags": null,
        "Microsoft.VSTS.TCM.Steps": null,
        "Microsoft.VSTS.TCM.Parameters": null,
        "Microsoft.VSTS.TCM.LocalDataSource": null,
        "Microsoft.VSTS.TCM.AutomationStatus": null,
        "System.History": null
      },
      "relations": [
        {
          "rel": "System.LinkTypes.Hierarchy-Reverse",
          "url": "https://dev.azure.com/Viswanadhamkudapu/_apis/wit/workItems/114",
          "attributes": {
            "isLocked": "false",
            "comment": "Making a new link for the dependency",
            "name": "Parent"
          }
        }
      ],
      "url": "https://dev.azure.com/Viswanadhamkudapu/_apis/wit/workItems/99"
    },
    {
      "id": 98,
      "rev": 2,
      "fields": {
        "System.AreaPath": "SQL_CAF_Project_Template",
        "System.TeamProject": "SQL_CAF_Project_Template",
        "System.IterationPath": "$ProjectName$\\Iteration 1",
        "System.WorkItemType": "Task",
        "System.State": "New",
        "System.Reason": "New",
        "System.CreatedDate": "2020-07-02T03:32:10.133Z",
        "System.CreatedBy": "Viswanadham kudapu <Viswanadham.kudapu@peopletech.com>",
        "System.ChangedDate": "2020-07-02T03:44:51.23Z",
        "System.ChangedBy": "Viswanadham kudapu <Viswanadham.kudapu@peopletech.com>",
        "System.Title": "OnPrem to Azure Virtual Machine Overview",
        "Microsoft.VSTS.Scheduling.Effort": 0.0,
        "System.Description": "Familiarize with phases necessary to maximize performance while migrating a work load from on-premises SQL to Azure Managed Instance",
        "System.AssignedTo": null,
        "Microsoft.VSTS.Scheduling.RemainingWork": 0.0,
        "Microsoft.VSTS.Common.Priority": 2.0,
        "System.BoardLane": null,
        "System.Tags": null,
        "Microsoft.VSTS.TCM.Steps": null,
        "Microsoft.VSTS.TCM.Parameters": null,
        "Microsoft.VSTS.TCM.LocalDataSource": null,
        "Microsoft.VSTS.TCM.AutomationStatus": null,
        "System.History": null
      },
      "relations": [
        {
          "rel": "System.LinkTypes.Hierarchy-Reverse",
          "url": "https://dev.azure.com/Viswanadhamkudapu/_apis/wit/workItems/114",
          "attributes": {
            "isLocked": "false",
            "comment": "Making a new link for the dependency",
            "name": "Parent"
          }
        }
      ],
      "url": "https://dev.azure.com/Viswanadhamkudapu/_apis/wit/workItems/98"
    },
    {
      "id": 97,
      "rev": 2,
      "fields": {
        "System.AreaPath": "SQL_CAF_Project_Template",
        "System.TeamProject": "SQL_CAF_Project_Template",
        "System.IterationPath": "$ProjectName$\\Iteration 1",
        "System.WorkItemType": "Task",
        "System.State": "New",
        "System.Reason": "New",
        "System.CreatedDate": "2020-07-02T03:32:09.45Z",
        "System.CreatedBy": "Viswanadham kudapu <Viswanadham.kudapu@peopletech.com>",
        "System.ChangedDate": "2020-07-02T03:44:51.23Z",
        "System.ChangedBy": "Viswanadham kudapu <Viswanadham.kudapu@peopletech.com>",
        "System.Title": "OnPrem to Azure Virtual Machine Overview",
        "Microsoft.VSTS.Scheduling.Effort": 0.0,
        "System.Description": "Familiarize and practice hands-on lab for migrating a work load from on-premises SQL to Azure SQL Database",
        "System.AssignedTo": null,
        "Microsoft.VSTS.Scheduling.RemainingWork": 0.0,
        "Microsoft.VSTS.Common.Priority": 2.0,
        "System.BoardLane": null,
        "System.Tags": null,
        "Microsoft.VSTS.TCM.Steps": null,
        "Microsoft.VSTS.TCM.Parameters": null,
        "Microsoft.VSTS.TCM.LocalDataSource": null,
        "Microsoft.VSTS.TCM.AutomationStatus": null,
        "System.History": null
      },
      "relations": [
        {
          "rel": "System.LinkTypes.Hierarchy-Reverse",
          "url": "https://dev.azure.com/Viswanadhamkudapu/_apis/wit/workItems/113",
          "attributes": {
            "isLocked": "false",
            "comment": "Making a new link for the dependency",
            "name": "Parent"
          }
        }
      ],
      "url": "https://dev.azure.com/Viswanadhamkudapu/_apis/wit/workItems/97"
    },
    {
      "id": 96,
      "rev": 3,
      "fields": {
        "System.AreaPath": "SQL_CAF_Project_Template",
        "System.TeamProject": "SQL_CAF_Project_Template",
        "System.IterationPath": "$ProjectName$\\Iteration 1",
        "System.WorkItemType": "Task",
        "System.State": "New",
        "System.Reason": "New",
        "System.CreatedDate": "2020-07-02T03:32:08.563Z",
        "System.CreatedBy": "Viswanadham kudapu <Viswanadham.kudapu@peopletech.com>",
        "System.ChangedDate": "2020-07-02T04:22:13.097Z",
        "System.ChangedBy": "Viswanadham kudapu <Viswanadham.kudapu@peopletech.com>",
        "System.Title": "Assessment",
        "Microsoft.VSTS.Scheduling.Effort": 0.0,
        "System.Description": "<div>Use tools to assess migrating a work load from on-premises SQL to Azure SQL Database<br></div>",
        "System.AssignedTo": null,
        "Microsoft.VSTS.Scheduling.RemainingWork": 0.0,
        "Microsoft.VSTS.Common.Priority": 2.0,
        "System.BoardLane": null,
        "System.Tags": null,
        "Microsoft.VSTS.TCM.Steps": null,
        "Microsoft.VSTS.TCM.Parameters": null,
        "Microsoft.VSTS.TCM.LocalDataSource": null,
        "Microsoft.VSTS.TCM.AutomationStatus": null,
        "System.History": null
      },
      "relations": [
        {
          "rel": "System.LinkTypes.Hierarchy-Reverse",
          "url": "https://dev.azure.com/Viswanadhamkudapu/_apis/wit/workItems/113",
          "attributes": {
            "isLocked": "false",
            "comment": "Making a new link for the dependency",
            "name": "Parent"
          }
        }
      ],
      "url": "https://dev.azure.com/Viswanadhamkudapu/_apis/wit/workItems/96"
    },
    {
      "id": 95,
      "rev": 3,
      "fields": {
        "System.AreaPath": "SQL_CAF_Project_Template",
        "System.TeamProject": "SQL_CAF_Project_Template",
        "System.IterationPath": "$ProjectName$\\Iteration 1",
        "System.WorkItemType": "Task",
        "System.State": "New",
        "System.Reason": "New",
        "System.CreatedDate": "2020-07-02T03:32:08.277Z",
        "System.CreatedBy": "Viswanadham kudapu <Viswanadham.kudapu@peopletech.com>",
        "System.ChangedDate": "2020-07-02T04:22:41.76Z",
        "System.ChangedBy": "Viswanadham kudapu <Viswanadham.kudapu@peopletech.com>",
        "System.Title": "Deployment and Migration Testing",
        "Microsoft.VSTS.Scheduling.Effort": 0.0,
        "System.Description": "<ul><li><span style=\"display:inline !important;background-color:rgba(255, 255, 255, 1);\">Assess and choose deployment methods for migrating on-premises SQL to Azure SQL Database</span></li><li><span style=\"display:inline !important;background-color:rgba(255, 255, 255, 1);\">Assess and choose testing methods for migrating on-premises SQL to Azure SQL Database</span></li></ul>",
        "System.AssignedTo": null,
        "Microsoft.VSTS.Scheduling.RemainingWork": 0.0,
        "Microsoft.VSTS.Common.Priority": 2.0,
        "System.BoardLane": null,
        "System.Tags": null,
        "Microsoft.VSTS.TCM.Steps": null,
        "Microsoft.VSTS.TCM.Parameters": null,
        "Microsoft.VSTS.TCM.LocalDataSource": null,
        "Microsoft.VSTS.TCM.AutomationStatus": null,
        "System.History": null
      },
      "relations": [
        {
          "rel": "System.LinkTypes.Hierarchy-Reverse",
          "url": "https://dev.azure.com/Viswanadhamkudapu/_apis/wit/workItems/113",
          "attributes": {
            "isLocked": "false",
            "comment": "Making a new link for the dependency",
            "name": "Parent"
          }
        }
      ],
      "url": "https://dev.azure.com/Viswanadhamkudapu/_apis/wit/workItems/95"
    },
    {
      "id": 94,
      "rev": 2,
      "fields": {
        "System.AreaPath": "SQL_CAF_Project_Template",
        "System.TeamProject": "SQL_CAF_Project_Template",
        "System.IterationPath": "$ProjectName$\\Iteration 1",
        "System.WorkItemType": "Task",
        "System.State": "New",
        "System.Reason": "New",
        "System.CreatedDate": "2020-07-02T03:32:07.953Z",
        "System.CreatedBy": "Viswanadham kudapu <Viswanadham.kudapu@peopletech.com>",
        "System.ChangedDate": "2020-07-02T03:44:51.23Z",
        "System.ChangedBy": "Viswanadham kudapu <Viswanadham.kudapu@peopletech.com>",
        "System.Title": "Release and Additional Resources",
        "Microsoft.VSTS.Scheduling.Effort": 0.0,
        "System.Description": "Familiarize with phases necessary to maximize performance while migrating a work load from on-premises SQL to Azure SQL Database",
        "System.AssignedTo": null,
        "Microsoft.VSTS.Scheduling.RemainingWork": 0.0,
        "Microsoft.VSTS.Common.Priority": 2.0,
        "System.BoardLane": null,
        "System.Tags": null,
        "Microsoft.VSTS.TCM.Steps": null,
        "Microsoft.VSTS.TCM.Parameters": null,
        "Microsoft.VSTS.TCM.LocalDataSource": null,
        "Microsoft.VSTS.TCM.AutomationStatus": null,
        "System.History": null
      },
      "relations": [
        {
          "rel": "System.LinkTypes.Hierarchy-Reverse",
          "url": "https://dev.azure.com/Viswanadhamkudapu/_apis/wit/workItems/113",
          "attributes": {
            "isLocked": "false",
            "comment": "Making a new link for the dependency",
            "name": "Parent"
          }
        }
      ],
      "url": "https://dev.azure.com/Viswanadhamkudapu/_apis/wit/workItems/94"
    },
    {
      "id": 93,
      "rev": 2,
      "fields": {
        "System.AreaPath": "SQL_CAF_Project_Template",
        "System.TeamProject": "SQL_CAF_Project_Template",
        "System.IterationPath": "$ProjectName$\\Iteration 1",
        "System.WorkItemType": "Task",
        "System.State": "New",
        "System.Reason": "New",
        "System.CreatedDate": "2020-07-02T03:32:07.263Z",
        "System.CreatedBy": "Viswanadham kudapu <Viswanadham.kudapu@peopletech.com>",
        "System.ChangedDate": "2020-07-02T03:44:51.23Z",
        "System.ChangedBy": "Viswanadham kudapu <Viswanadham.kudapu@peopletech.com>",
        "System.Title": "Release and Additional Resources",
        "Microsoft.VSTS.Scheduling.Effort": 0.0,
        "System.Description": "Familiarize and practice hands-on lab for migrating a work load from on-premises SQL to Azure Virtual Machine",
        "System.AssignedTo": null,
        "Microsoft.VSTS.Scheduling.RemainingWork": 0.0,
        "Microsoft.VSTS.Common.Priority": 2.0,
        "System.BoardLane": null,
        "System.Tags": null,
        "Microsoft.VSTS.TCM.Steps": null,
        "Microsoft.VSTS.TCM.Parameters": null,
        "Microsoft.VSTS.TCM.LocalDataSource": null,
        "Microsoft.VSTS.TCM.AutomationStatus": null,
        "System.History": null
      },
      "relations": [
        {
          "rel": "System.LinkTypes.Hierarchy-Reverse",
          "url": "https://dev.azure.com/Viswanadhamkudapu/_apis/wit/workItems/112",
          "attributes": {
            "isLocked": "false",
            "comment": "Making a new link for the dependency",
            "name": "Parent"
          }
        }
      ],
      "url": "https://dev.azure.com/Viswanadhamkudapu/_apis/wit/workItems/93"
    },
    {
      "id": 92,
      "rev": 3,
      "fields": {
        "System.AreaPath": "SQL_CAF_Project_Template",
        "System.TeamProject": "SQL_CAF_Project_Template",
        "System.IterationPath": "$ProjectName$\\Iteration 1",
        "System.WorkItemType": "Task",
        "System.State": "New",
        "System.Reason": "New",
        "System.CreatedDate": "2020-07-02T03:32:06.963Z",
        "System.CreatedBy": "Viswanadham kudapu <Viswanadham.kudapu@peopletech.com>",
        "System.ChangedDate": "2020-07-02T04:19:53.223Z",
        "System.ChangedBy": "Viswanadham kudapu <Viswanadham.kudapu@peopletech.com>",
        "System.Title": "Deployment and Migration Testing",
        "Microsoft.VSTS.Scheduling.Effort": 0.0,
        "System.Description": "<ul><li>Assess and choose deployment methods for migrating on-premises SQL to Azure Virtual Machine</li><li>Assess and choose testing methods for migrating on-premises SQL to Azure Virtual Machine</li></ul>",
        "System.AssignedTo": null,
        "Microsoft.VSTS.Scheduling.RemainingWork": 0.0,
        "Microsoft.VSTS.Common.Priority": 2.0,
        "System.BoardLane": null,
        "System.Tags": null,
        "Microsoft.VSTS.TCM.Steps": null,
        "Microsoft.VSTS.TCM.Parameters": null,
        "Microsoft.VSTS.TCM.LocalDataSource": null,
        "Microsoft.VSTS.TCM.AutomationStatus": null,
        "System.History": null
      },
      "relations": [
        {
          "rel": "System.LinkTypes.Hierarchy-Reverse",
          "url": "https://dev.azure.com/Viswanadhamkudapu/_apis/wit/workItems/112",
          "attributes": {
            "isLocked": "false",
            "comment": "Making a new link for the dependency",
            "name": "Parent"
          }
        }
      ],
      "url": "https://dev.azure.com/Viswanadhamkudapu/_apis/wit/workItems/92"
    },
    {
      "id": 91,
      "rev": 2,
      "fields": {
        "System.AreaPath": "SQL_CAF_Project_Template",
        "System.TeamProject": "SQL_CAF_Project_Template",
        "System.IterationPath": "$ProjectName$\\Iteration 1",
        "System.WorkItemType": "Task",
        "System.State": "New",
        "System.Reason": "New",
        "System.CreatedDate": "2020-07-02T03:32:06.553Z",
        "System.CreatedBy": "Viswanadham kudapu <Viswanadham.kudapu@peopletech.com>",
        "System.ChangedDate": "2020-07-02T03:44:51.23Z",
        "System.ChangedBy": "Viswanadham kudapu <Viswanadham.kudapu@peopletech.com>",
        "System.Title": "Assessment",
        "Microsoft.VSTS.Scheduling.Effort": 0.0,
        "System.Description": "Use tools to assess migrating a work load from on-premises SQL to Azure Virtual Machine",
        "System.AssignedTo": null,
        "Microsoft.VSTS.Scheduling.RemainingWork": 0.0,
        "Microsoft.VSTS.Common.Priority": 2.0,
        "System.BoardLane": null,
        "System.Tags": null,
        "Microsoft.VSTS.TCM.Steps": null,
        "Microsoft.VSTS.TCM.Parameters": null,
        "Microsoft.VSTS.TCM.LocalDataSource": null,
        "Microsoft.VSTS.TCM.AutomationStatus": null,
        "System.History": null
      },
      "relations": [
        {
          "rel": "System.LinkTypes.Hierarchy-Reverse",
          "url": "https://dev.azure.com/Viswanadhamkudapu/_apis/wit/workItems/112",
          "attributes": {
            "isLocked": "false",
            "comment": "Making a new link for the dependency",
            "name": "Parent"
          }
        }
      ],
      "url": "https://dev.azure.com/Viswanadhamkudapu/_apis/wit/workItems/91"
    },
    {
      "id": 90,
      "rev": 3,
      "fields": {
        "System.AreaPath": "SQL_CAF_Project_Template",
        "System.TeamProject": "SQL_CAF_Project_Template",
        "System.IterationPath": "$ProjectName$\\Iteration 1",
        "System.WorkItemType": "Task",
        "System.State": "New",
        "System.Reason": "New",
        "System.CreatedDate": "2020-07-02T03:32:06.267Z",
        "System.CreatedBy": "Viswanadham kudapu <Viswanadham.kudapu@peopletech.com>",
        "System.ChangedDate": "2020-07-02T04:18:56.03Z",
        "System.ChangedBy": "Viswanadham kudapu <Viswanadham.kudapu@peopletech.com>",
        "System.Title": "Examples of Selecting Landing Zone",
        "Microsoft.VSTS.Scheduling.Effort": 0.0,
        "System.Description": "<ul><li>Study examples of customer workloads and requirements and decide on an appropriate landing zone as well as the method of migration</li></ul>",
        "System.AssignedTo": null,
        "Microsoft.VSTS.Scheduling.RemainingWork": 0.0,
        "Microsoft.VSTS.Common.Priority": 2.0,
        "System.BoardLane": null,
        "System.Tags": null,
        "Microsoft.VSTS.TCM.Steps": null,
        "Microsoft.VSTS.TCM.Parameters": null,
        "Microsoft.VSTS.TCM.LocalDataSource": null,
        "Microsoft.VSTS.TCM.AutomationStatus": null,
        "System.History": null
      },
      "relations": [
        {
          "rel": "System.LinkTypes.Hierarchy-Reverse",
          "url": "https://dev.azure.com/Viswanadhamkudapu/_apis/wit/workItems/111",
          "attributes": {
            "isLocked": "false",
            "comment": "Making a new link for the dependency",
            "name": "Parent"
          }
        }
      ],
      "url": "https://dev.azure.com/Viswanadhamkudapu/_apis/wit/workItems/90"
    },
    {
      "id": 89,
      "rev": 3,
      "fields": {
        "System.AreaPath": "SQL_CAF_Project_Template",
        "System.TeamProject": "SQL_CAF_Project_Template",
        "System.IterationPath": "$ProjectName$\\Iteration 1",
        "System.WorkItemType": "Task",
        "System.State": "New",
        "System.Reason": "New",
        "System.CreatedDate": "2020-07-02T03:32:05.923Z",
        "System.CreatedBy": "Viswanadham kudapu <Viswanadham.kudapu@peopletech.com>",
        "System.ChangedDate": "2020-07-02T04:18:23.453Z",
        "System.ChangedBy": "Viswanadham kudapu <Viswanadham.kudapu@peopletech.com>",
        "System.Title": "Migrate SSIS, SSAS and SSRS to Azure",
        "Microsoft.VSTS.Scheduling.Effort": 0.0,
        "System.Description": "<ul><li>Assess Fully managed service offering for migrating SSIS, SSAS and SSRS to Azure</li><li>Assess Infrastructure as a service for migrating SSIS, SSAS and SSRS to Azure</li></ul>",
        "System.AssignedTo": null,
        "Microsoft.VSTS.Scheduling.RemainingWork": 0.0,
        "Microsoft.VSTS.Common.Priority": 2.0,
        "System.BoardLane": null,
        "System.Tags": null,
        "Microsoft.VSTS.TCM.Steps": null,
        "Microsoft.VSTS.TCM.Parameters": null,
        "Microsoft.VSTS.TCM.LocalDataSource": null,
        "Microsoft.VSTS.TCM.AutomationStatus": null,
        "System.History": null
      },
      "relations": [
        {
          "rel": "System.LinkTypes.Hierarchy-Reverse",
          "url": "https://dev.azure.com/Viswanadhamkudapu/_apis/wit/workItems/111",
          "attributes": {
            "isLocked": "false",
            "comment": "Making a new link for the dependency",
            "name": "Parent"
          }
        }
      ],
      "url": "https://dev.azure.com/Viswanadhamkudapu/_apis/wit/workItems/89"
    },
    {
      "id": 88,
      "rev": 3,
      "fields": {
        "System.AreaPath": "SQL_CAF_Project_Template",
        "System.TeamProject": "SQL_CAF_Project_Template",
        "System.IterationPath": "$ProjectName$\\Iteration 1",
        "System.WorkItemType": "Task",
        "System.State": "New",
        "System.Reason": "New",
        "System.CreatedDate": "2020-07-02T03:32:05.637Z",
        "System.CreatedBy": "Viswanadham kudapu <Viswanadham.kudapu@peopletech.com>",
        "System.ChangedDate": "2020-07-02T04:13:29.78Z",
        "System.ChangedBy": "Viswanadham kudapu <Viswanadham.kudapu@peopletech.com>",
        "System.Title": "Pros and Cons of Landing Zones and Migration Tools Decision Guide",
        "Microsoft.VSTS.Scheduling.Effort": 0.0,
        "System.Description": "<ul><li>Decide on target landing zone based on source SQL Server system capabilities, features and code</li><li>Compile and analyze the data to achieve landing zone goals.</li><li>Create landing zone for SQL database</li><li>Identify pros and cons of landing zones and migration tools for SQL Databases</li><li>Create landing zone for SQL Managed Instance</li><li>Create landing zone for SQL Virtual Machines</li></ul>",
        "System.AssignedTo": null,
        "Microsoft.VSTS.Scheduling.RemainingWork": 0.0,
        "Microsoft.VSTS.Common.Priority": 2.0,
        "System.BoardLane": null,
        "System.Tags": null,
        "Microsoft.VSTS.TCM.Steps": null,
        "Microsoft.VSTS.TCM.Parameters": null,
        "Microsoft.VSTS.TCM.LocalDataSource": null,
        "Microsoft.VSTS.TCM.AutomationStatus": null,
        "System.History": null
      },
      "relations": [
        {
          "rel": "System.LinkTypes.Hierarchy-Reverse",
          "url": "https://dev.azure.com/Viswanadhamkudapu/_apis/wit/workItems/111",
          "attributes": {
            "isLocked": "false",
            "comment": "Making a new link for the dependency",
            "name": "Parent"
          }
        }
      ],
      "url": "https://dev.azure.com/Viswanadhamkudapu/_apis/wit/workItems/88"
    },
    {
      "id": 87,
      "rev": 3,
      "fields": {
        "System.AreaPath": "SQL_CAF_Project_Template",
        "System.TeamProject": "SQL_CAF_Project_Template",
        "System.IterationPath": "$ProjectName$\\Iteration 1",
        "System.WorkItemType": "Task",
        "System.State": "New",
        "System.Reason": "New",
        "System.CreatedDate": "2020-07-02T03:32:05.35Z",
        "System.CreatedBy": "Viswanadham kudapu <Viswanadham.kudapu@peopletech.com>",
        "System.ChangedDate": "2020-07-02T04:12:38.997Z",
        "System.ChangedBy": "Viswanadham kudapu <Viswanadham.kudapu@peopletech.com>",
        "System.Title": "Azure Setup Guide",
        "Microsoft.VSTS.Scheduling.Effort": 0.0,
        "System.Description": "<ul><li>Identify pros and cons of landing zones and migration tools for SQL Databases</li><li>Identify pros and cons of landing zones and migration tools for SQL Managed Instance</li><li>Identify pros and cons of landing zones and migration tools for SQL Virtual Machines</li></ul>",
        "System.AssignedTo": null,
        "Microsoft.VSTS.Scheduling.RemainingWork": 0.0,
        "Microsoft.VSTS.Common.Priority": 2.0,
        "System.BoardLane": null,
        "System.Tags": null,
        "Microsoft.VSTS.TCM.Steps": null,
        "Microsoft.VSTS.TCM.Parameters": null,
        "Microsoft.VSTS.TCM.LocalDataSource": null,
        "Microsoft.VSTS.TCM.AutomationStatus": null,
        "System.History": null
      },
      "relations": [
        {
          "rel": "System.LinkTypes.Hierarchy-Reverse",
          "url": "https://dev.azure.com/Viswanadhamkudapu/_apis/wit/workItems/111",
          "attributes": {
            "isLocked": "false",
            "comment": "Making a new link for the dependency",
            "name": "Parent"
          }
        }
      ],
      "url": "https://dev.azure.com/Viswanadhamkudapu/_apis/wit/workItems/87"
    },
    {
      "id": 86,
      "rev": 3,
      "fields": {
        "System.AreaPath": "SQL_CAF_Project_Template",
        "System.TeamProject": "SQL_CAF_Project_Template",
        "System.IterationPath": "$ProjectName$\\Iteration 1",
        "System.WorkItemType": "Task",
        "System.State": "New",
        "System.Reason": "New",
        "System.CreatedDate": "2020-07-02T03:32:05.067Z",
        "System.CreatedBy": "Viswanadham kudapu <Viswanadham.kudapu@peopletech.com>",
        "System.ChangedDate": "2020-07-02T04:10:44.767Z",
        "System.ChangedBy": "Viswanadham kudapu <Viswanadham.kudapu@peopletech.com>",
        "System.Title": "Develop Cloud Adoption plan",
        "Microsoft.VSTS.Scheduling.Effort": 0.0,
        "System.Description": "<ul><li>Convert the aspirational goals of the cloud adoption strategy into an actionable plan</li><li>Leverage the cloud adoption plan to guide technical efforts, in alignment with the business outcomes</li></ul>",
        "System.AssignedTo": null,
        "Microsoft.VSTS.Scheduling.RemainingWork": 0.0,
        "Microsoft.VSTS.Common.Priority": 2.0,
        "System.BoardLane": null,
        "System.Tags": null,
        "Microsoft.VSTS.TCM.Steps": null,
        "Microsoft.VSTS.TCM.Parameters": null,
        "Microsoft.VSTS.TCM.LocalDataSource": null,
        "Microsoft.VSTS.TCM.AutomationStatus": null,
        "System.History": null
      },
      "relations": [
        {
          "rel": "System.LinkTypes.Hierarchy-Reverse",
          "url": "https://dev.azure.com/Viswanadhamkudapu/_apis/wit/workItems/110",
          "attributes": {
            "isLocked": "false",
            "comment": "Making a new link for the dependency",
            "name": "Parent"
          }
        }
      ],
      "url": "https://dev.azure.com/Viswanadhamkudapu/_apis/wit/workItems/86"
    },
    {
      "id": 85,
      "rev": 3,
      "fields": {
        "System.AreaPath": "SQL_CAF_Project_Template",
        "System.TeamProject": "SQL_CAF_Project_Template",
        "System.IterationPath": "$ProjectName$\\Iteration 1",
        "System.WorkItemType": "Task",
        "System.State": "New",
        "System.Reason": "New",
        "System.CreatedDate": "2020-07-02T03:32:04.763Z",
        "System.CreatedBy": "Viswanadham kudapu <Viswanadham.kudapu@peopletech.com>",
        "System.ChangedDate": "2020-07-02T04:10:15.7Z",
        "System.ChangedBy": "Viswanadham kudapu <Viswanadham.kudapu@peopletech.com>",
        "System.Title": "Skills Readiness Plan",
        "Microsoft.VSTS.Scheduling.Effort": 0.0,
        "System.Description": "<ul><li>Identify the key cloud readiness courses required to be taken by IT and non-IT people in the organization</li></ul>",
        "System.AssignedTo": null,
        "Microsoft.VSTS.Scheduling.RemainingWork": 0.0,
        "Microsoft.VSTS.Common.Priority": 2.0,
        "System.BoardLane": null,
        "System.Tags": null,
        "Microsoft.VSTS.TCM.Steps": null,
        "Microsoft.VSTS.TCM.Parameters": null,
        "Microsoft.VSTS.TCM.LocalDataSource": null,
        "Microsoft.VSTS.TCM.AutomationStatus": null,
        "System.History": null
      },
      "relations": [
        {
          "rel": "System.LinkTypes.Hierarchy-Reverse",
          "url": "https://dev.azure.com/Viswanadhamkudapu/_apis/wit/workItems/110",
          "attributes": {
            "isLocked": "false",
            "comment": "Making a new link for the dependency",
            "name": "Parent"
          }
        }
      ],
      "url": "https://dev.azure.com/Viswanadhamkudapu/_apis/wit/workItems/85"
    },
    {
      "id": 84,
      "rev": 3,
      "fields": {
        "System.AreaPath": "SQL_CAF_Project_Template",
        "System.TeamProject": "SQL_CAF_Project_Template",
        "System.IterationPath": "$ProjectName$\\Iteration 1",
        "System.WorkItemType": "Task",
        "System.State": "New",
        "System.Reason": "New",
        "System.CreatedDate": "2020-07-02T03:32:04.48Z",
        "System.CreatedBy": "Viswanadham kudapu <Viswanadham.kudapu@peopletech.com>",
        "System.ChangedDate": "2020-07-02T04:10:00.76Z",
        "System.ChangedBy": "Viswanadham kudapu <Viswanadham.kudapu@peopletech.com>",
        "System.Title": "Initial Organization Alignment",
        "Microsoft.VSTS.Scheduling.Effort": 0.0,
        "System.Description": "<ul><li>Assign a team for cloud adoption and cloud governance</li></ul>",
        "System.AssignedTo": null,
        "Microsoft.VSTS.Scheduling.RemainingWork": 0.0,
        "Microsoft.VSTS.Common.Priority": 2.0,
        "System.BoardLane": null,
        "System.Tags": null,
        "Microsoft.VSTS.TCM.Steps": null,
        "Microsoft.VSTS.TCM.Parameters": null,
        "Microsoft.VSTS.TCM.LocalDataSource": null,
        "Microsoft.VSTS.TCM.AutomationStatus": null,
        "System.History": null
      },
      "relations": [
        {
          "rel": "System.LinkTypes.Hierarchy-Reverse",
          "url": "https://dev.azure.com/Viswanadhamkudapu/_apis/wit/workItems/110",
          "attributes": {
            "isLocked": "false",
            "comment": "Making a new link for the dependency",
            "name": "Parent"
          }
        }
      ],
      "url": "https://dev.azure.com/Viswanadhamkudapu/_apis/wit/workItems/84"
    },
    {
      "id": 83,
      "rev": 3,
      "fields": {
        "System.AreaPath": "SQL_CAF_Project_Template",
        "System.TeamProject": "SQL_CAF_Project_Template",
        "System.IterationPath": "$ProjectName$\\Iteration 1",
        "System.WorkItemType": "Task",
        "System.State": "New",
        "System.Reason": "New",
        "System.CreatedDate": "2020-07-02T03:32:04.2Z",
        "System.CreatedBy": "Viswanadham kudapu <Viswanadham.kudapu@peopletech.com>",
        "System.ChangedDate": "2020-07-02T04:09:43.447Z",
        "System.ChangedBy": "Viswanadham kudapu <Viswanadham.kudapu@peopletech.com>",
        "System.Title": "Align assets to cloud offerings to calculate pricing",
        "Microsoft.VSTS.Scheduling.Effort": 0.0,
        "System.Description": "<ul><li>Build a costing model for each asset in the digital estate</li><li>Use Azure Pricing Calculator to predict the estimated monthly Azure bill for any Azure workload</li><li>Use Azure Cost Management to monitor cloud spending and increase organizational Accountability</li></ul>",
        "System.AssignedTo": null,
        "Microsoft.VSTS.Scheduling.RemainingWork": 0.0,
        "Microsoft.VSTS.Common.Priority": 2.0,
        "System.BoardLane": null,
        "System.Tags": null,
        "Microsoft.VSTS.TCM.Steps": null,
        "Microsoft.VSTS.TCM.Parameters": null,
        "Microsoft.VSTS.TCM.LocalDataSource": null,
        "Microsoft.VSTS.TCM.AutomationStatus": null,
        "System.History": null
      },
      "relations": [
        {
          "rel": "System.LinkTypes.Hierarchy-Reverse",
          "url": "https://dev.azure.com/Viswanadhamkudapu/_apis/wit/workItems/110",
          "attributes": {
            "isLocked": "false",
            "comment": "Making a new link for the dependency",
            "name": "Parent"
          }
        }
      ],
      "url": "https://dev.azure.com/Viswanadhamkudapu/_apis/wit/workItems/83"
    },
    {
      "id": 82,
      "rev": 4,
      "fields": {
        "System.AreaPath": "SQL_CAF_Project_Template",
        "System.TeamProject": "SQL_CAF_Project_Template",
        "System.IterationPath": "$ProjectName$\\Iteration 1",
        "System.WorkItemType": "Task",
        "System.State": "New",
        "System.Reason": "New",
        "System.CreatedDate": "2020-07-02T03:32:03.92Z",
        "System.CreatedBy": "Viswanadham kudapu <Viswanadham.kudapu@peopletech.com>",
        "System.ChangedDate": "2020-07-02T04:09:10.077Z",
        "System.ChangedBy": "Viswanadham kudapu <Viswanadham.kudapu@peopletech.com>",
        "System.Title": "Digital Estate: Collect Current Inventory",
        "Microsoft.VSTS.Scheduling.Effort": 0.0,
        "System.Description": "<ul><li>List IT assets that supports specific business applications for later analysis and rationalization</li><li>Use Data Migration Assistant to assess feature parity between SQL sources and targets</li><li>Use Azure Migrate to assess the migration suitability of the machines</li><li>Use Service Map in Azure Migrate to show dependencies between machines to be migrated</li></ul>",
        "System.AssignedTo": null,
        "Microsoft.VSTS.Scheduling.RemainingWork": 0.0,
        "Microsoft.VSTS.Common.Priority": 2.0,
        "System.BoardLane": null,
        "System.Tags": null,
        "Microsoft.VSTS.TCM.Steps": null,
        "Microsoft.VSTS.TCM.Parameters": null,
        "Microsoft.VSTS.TCM.LocalDataSource": null,
        "Microsoft.VSTS.TCM.AutomationStatus": null,
        "System.History": null
      },
      "relations": [
        {
          "rel": "System.LinkTypes.Hierarchy-Reverse",
          "url": "https://dev.azure.com/Viswanadhamkudapu/_apis/wit/workItems/110",
          "attributes": {
            "isLocked": "false",
            "comment": "Making a new link for the dependency",
            "name": "Parent"
          }
        }
      ],
      "url": "https://dev.azure.com/Viswanadhamkudapu/_apis/wit/workItems/82"
    },
    {
      "id": 81,
      "rev": 3,
      "fields": {
        "System.AreaPath": "SQL_CAF_Project_Template",
        "System.TeamProject": "SQL_CAF_Project_Template",
        "System.IterationPath": "$ProjectName$\\Iteration 1",
        "System.WorkItemType": "Task",
        "System.State": "New",
        "System.Reason": "New",
        "System.CreatedDate": "2020-07-02T03:32:03.647Z",
        "System.CreatedBy": "Viswanadham kudapu <Viswanadham.kudapu@peopletech.com>",
        "System.ChangedDate": "2020-07-02T04:08:15.807Z",
        "System.ChangedBy": "Viswanadham kudapu <Viswanadham.kudapu@peopletech.com>",
        "System.Title": "Define Business Motivations, Security, Cost and Innovation strategies",
        "Microsoft.VSTS.Scheduling.Effort": 0.0,
        "System.Description": "<ul><li>Identify business motivations based on critical business events, migration motivations and innovation motivations</li><li>List the operational and capital expenses required for cloud adoption</li><li>Identify security protocols and compliance issues regarding data or applications</li><li>Collect motivations focussed more on an innovate strategy</li></ul>",
        "System.AssignedTo": null,
        "Microsoft.VSTS.Scheduling.RemainingWork": 0.0,
        "Microsoft.VSTS.Common.Priority": 2.0,
        "System.BoardLane": null,
        "System.Tags": null,
        "Microsoft.VSTS.TCM.Steps": null,
        "Microsoft.VSTS.TCM.Parameters": null,
        "Microsoft.VSTS.TCM.LocalDataSource": null,
        "Microsoft.VSTS.TCM.AutomationStatus": null,
        "System.History": null
      },
      "relations": [
        {
          "rel": "System.LinkTypes.Hierarchy-Reverse",
          "url": "https://dev.azure.com/Viswanadhamkudapu/_apis/wit/workItems/109",
          "attributes": {
            "isLocked": "false",
            "comment": "Making a new link for the dependency",
            "name": "Parent"
          }
        }
      ],
      "url": "https://dev.azure.com/Viswanadhamkudapu/_apis/wit/workItems/81"
    },
    {
      "id": 80,
      "rev": 3,
      "fields": {
        "System.AreaPath": "SQL_CAF_Project_Template",
        "System.TeamProject": "SQL_CAF_Project_Template",
        "System.IterationPath": "$ProjectName$\\Iteration 1",
        "System.WorkItemType": "Task",
        "System.State": "New",
        "System.Reason": "New",
        "System.CreatedDate": "2020-07-02T03:32:03.363Z",
        "System.CreatedBy": "Viswanadham kudapu <Viswanadham.kudapu@peopletech.com>",
        "System.ChangedDate": "2020-07-02T04:06:12.033Z",
        "System.ChangedBy": "Viswanadham kudapu <Viswanadham.kudapu@peopletech.com>",
        "System.Title": "Define Strategy CAF Plan Template",
        "Microsoft.VSTS.Scheduling.Effort": 0.0,
        "System.Description": "<ul><li>Document decisions while executing the cloud adoption strategy and plan</li><li>Use the template to organize the decisions and data points that will align the template for the cloud adoption plan with specific plans for adoption</li><li>List business priorities, timelines and milestones in the upcoming year for successful cloud adoption</li></ul>",
        "System.AssignedTo": null,
        "Microsoft.VSTS.Scheduling.RemainingWork": 0.0,
        "Microsoft.VSTS.Common.Priority": 2.0,
        "System.BoardLane": null,
        "System.Tags": null,
        "Microsoft.VSTS.TCM.Steps": null,
        "Microsoft.VSTS.TCM.Parameters": null,
        "Microsoft.VSTS.TCM.LocalDataSource": null,
        "Microsoft.VSTS.TCM.AutomationStatus": null,
        "System.History": null
      },
      "relations": [
        {
          "rel": "System.LinkTypes.Hierarchy-Reverse",
          "url": "https://dev.azure.com/Viswanadhamkudapu/_apis/wit/workItems/109",
          "attributes": {
            "isLocked": "false",
            "comment": "Making a new link for the dependency",
            "name": "Parent"
          }
        }
      ],
      "url": "https://dev.azure.com/Viswanadhamkudapu/_apis/wit/workItems/80"
    },
    {
      "id": 77,
      "rev": 3,
      "fields": {
        "System.AreaPath": "SQL_CAF_Project_Template",
        "System.TeamProject": "SQL_CAF_Project_Template",
        "System.IterationPath": "$ProjectName$\\Iteration 1",
        "System.WorkItemType": "Task",
        "System.State": "New",
        "System.Reason": "New",
        "System.CreatedDate": "2020-07-02T03:32:02.523Z",
        "System.CreatedBy": "Viswanadham kudapu <Viswanadham.kudapu@peopletech.com>",
        "System.ChangedDate": "2020-07-02T04:11:56.293Z",
        "System.ChangedBy": "Viswanadham kudapu <Viswanadham.kudapu@peopletech.com>",
        "System.Title": "Decide and Create Landing Zone",
        "Microsoft.VSTS.Scheduling.Effort": 0.0,
        "System.Description": "<ul><li>Familiarize with the features of the components needed to build the Azure environment</li><li>Organize resources</li><li>Manage access</li><li>Azure tools and approach</li><li>Governance, security, and compliance</li><li>Monitoring and reporting</li></ul>",
        "System.AssignedTo": null,
        "Microsoft.VSTS.Scheduling.RemainingWork": 0.0,
        "Microsoft.VSTS.Common.Priority": 2.0,
        "System.BoardLane": null,
        "System.Tags": null,
        "Microsoft.VSTS.TCM.Steps": null,
        "Microsoft.VSTS.TCM.Parameters": null,
        "Microsoft.VSTS.TCM.LocalDataSource": null,
        "Microsoft.VSTS.TCM.AutomationStatus": null,
        "System.History": null
      },
      "relations": [
        {
          "rel": "System.LinkTypes.Hierarchy-Reverse",
          "url": "https://dev.azure.com/Viswanadhamkudapu/_apis/wit/workItems/111",
          "attributes": {
            "isLocked": "false",
            "comment": "Making a new link for the dependency",
            "name": "Parent"
          }
        }
      ],
      "url": "https://dev.azure.com/Viswanadhamkudapu/_apis/wit/workItems/77"
    },
    {
      "id": 76,
      "rev": 2,
      "fields": {
        "System.AreaPath": "SQL_CAF_Project_Template",
        "System.TeamProject": "SQL_CAF_Project_Template",
        "System.IterationPath": "$ProjectName$\\Iteration 1",
        "System.WorkItemType": "Task",
        "System.State": "New",
        "System.Reason": "New",
        "System.CreatedDate": "2020-07-02T03:32:02.25Z",
        "System.CreatedBy": "Viswanadham kudapu <Viswanadham.kudapu@peopletech.com>",
        "System.ChangedDate": "2020-07-02T03:44:51.23Z",
        "System.ChangedBy": "Viswanadham kudapu <Viswanadham.kudapu@peopletech.com>",
        "System.Title": "OnPrem to Azure Virtual Machine Overview",
        "Microsoft.VSTS.Scheduling.Effort": 0.0,
        "System.Description": "Familiarize with phases necessary to maximize performance while migrating a work load from on-premises SQL to Azure Virtual Machine",
        "System.AssignedTo": null,
        "Microsoft.VSTS.Scheduling.RemainingWork": 0.0,
        "Microsoft.VSTS.Common.Priority": 2.0,
        "System.BoardLane": null,
        "System.Tags": null,
        "Microsoft.VSTS.TCM.Steps": null,
        "Microsoft.VSTS.TCM.Parameters": null,
        "Microsoft.VSTS.TCM.LocalDataSource": null,
        "Microsoft.VSTS.TCM.AutomationStatus": null,
        "System.History": null
      },
      "relations": [
        {
          "rel": "System.LinkTypes.Hierarchy-Reverse",
          "url": "https://dev.azure.com/Viswanadhamkudapu/_apis/wit/workItems/112",
          "attributes": {
            "isLocked": "false",
            "comment": "Making a new link for the dependency",
            "name": "Parent"
          }
        }
      ],
      "url": "https://dev.azure.com/Viswanadhamkudapu/_apis/wit/workItems/76"
    },
    {
      "id": 75,
      "rev": 4,
      "fields": {
        "System.AreaPath": "SQL_CAF_Project_Template",
        "System.TeamProject": "SQL_CAF_Project_Template",
        "System.IterationPath": "$ProjectName$\\Iteration 1",
        "System.WorkItemType": "Task",
        "System.State": "New",
        "System.Reason": "New",
        "System.CreatedDate": "2020-07-02T03:32:01.97Z",
        "System.CreatedBy": "Viswanadham kudapu <Viswanadham.kudapu@peopletech.com>",
        "System.ChangedDate": "2020-07-02T04:42:49.31Z",
        "System.ChangedBy": "Viswanadham kudapu <Viswanadham.kudapu@peopletech.com>",
        "System.Title": "Manage Governance (Inventory / Operational Compliance)",
        "Microsoft.VSTS.Scheduling.Effort": 0.0,
        "System.Description": "<ul><li><span>Create an inventory of assets across multiple clouds<br></span></li><li>Establish controls and processes to ensure each state is properly configured and running in a well-governed environment​</li></ul>",
        "System.AssignedTo": null,
        "Microsoft.VSTS.Scheduling.RemainingWork": 0.0,
        "Microsoft.VSTS.Common.Priority": 2.0,
        "System.BoardLane": null,
        "System.Tags": null,
        "Microsoft.VSTS.TCM.Steps": null,
        "Microsoft.VSTS.TCM.Parameters": null,
        "Microsoft.VSTS.TCM.LocalDataSource": null,
        "Microsoft.VSTS.TCM.AutomationStatus": null,
        "System.History": null
      },
      "relations": [
        {
          "rel": "System.LinkTypes.Hierarchy-Reverse",
          "url": "https://dev.azure.com/Viswanadhamkudapu/_apis/wit/workItems/115",
          "attributes": {
            "isLocked": "false",
            "comment": "Making a new link for the dependency",
            "name": "Parent"
          }
        }
      ],
      "url": "https://dev.azure.com/Viswanadhamkudapu/_apis/wit/workItems/75"
    },
    {
      "id": 74,
      "rev": 3,
      "fields": {
        "System.AreaPath": "SQL_CAF_Project_Template",
        "System.TeamProject": "SQL_CAF_Project_Template",
        "System.IterationPath": "$ProjectName$\\Iteration 1",
        "System.WorkItemType": "Task",
        "System.State": "New",
        "System.Reason": "New",
        "System.CreatedDate": "2020-07-02T03:32:01.687Z",
        "System.CreatedBy": "Viswanadham kudapu <Viswanadham.kudapu@peopletech.com>",
        "System.ChangedDate": "2020-07-02T04:40:44.037Z",
        "System.ChangedBy": "Viswanadham kudapu <Viswanadham.kudapu@peopletech.com>",
        "System.Title": "Sign off on Project delivery",
        "Microsoft.VSTS.Scheduling.Effort": 0.0,
        "System.Description": "Provide project sign off",
        "System.AssignedTo": null,
        "Microsoft.VSTS.Scheduling.RemainingWork": 0.0,
        "Microsoft.VSTS.Common.Priority": 2.0,
        "System.BoardLane": null,
        "System.Tags": null,
        "Microsoft.VSTS.TCM.Steps": null,
        "Microsoft.VSTS.TCM.Parameters": null,
        "Microsoft.VSTS.TCM.LocalDataSource": null,
        "Microsoft.VSTS.TCM.AutomationStatus": null,
        "System.History": null
      },
      "relations": [
        {
          "rel": "System.LinkTypes.Hierarchy-Reverse",
          "url": "https://dev.azure.com/Viswanadhamkudapu/_apis/wit/workItems/116",
          "attributes": {
            "isLocked": "false",
            "comment": "Making a new link for the dependency",
            "name": "Parent"
          }
        }
      ],
      "url": "https://dev.azure.com/Viswanadhamkudapu/_apis/wit/workItems/74"
    }
  ],
  "HttpStatusCode": 0,
  "Message": null
}