{
  "count": 1,
  "value": [
    {
      "id": 460,
      "rev": 1,
      "fields": {
        "System.AreaPath": "Server_Migration_Project",
        "System.TeamProject": "Server_Migration_Project",
        "System.IterationPath": "Server_Migration_Project",
        "System.WorkItemType": "Epic",
        "System.State": "New",
        "System.Reason": "New",
        "System.CreatedDate": "2020-07-15T01:12:48.41Z",
        "System.CreatedBy": "Viswanadham kudapu <Viswanadham.kudapu@peopletech.com>",
        "System.ChangedDate": "2020-07-15T01:12:48.41Z",
        "System.ChangedBy": "Viswanadham kudapu <Viswanadham.kudapu@peopletech.com>",
        "System.Title": "CAF Server Migration Project Plan",
        "Microsoft.VSTS.Scheduling.Effort": 0.0,
        "System.Description": null,
        "System.AssignedTo": null,
        "Microsoft.VSTS.Scheduling.RemainingWork": 0.0,
        "Microsoft.VSTS.Common.Priority": 2.0,
        "System.BoardLane": null,
        "System.Tags": null,
        "Microsoft.VSTS.TCM.Steps": null,
        "Microsoft.VSTS.TCM.Parameters": null,
        "Microsoft.VSTS.TCM.LocalDataSource": null,
        "Microsoft.VSTS.TCM.AutomationStatus": null,
        "System.History": null
      },
      "relations": [
        {
          "rel": "System.LinkTypes.Hierarchy-Forward",
          "url": "https://dev.azure.com/Viswanadhamkudapu/_apis/wit/workItems/531",
          "attributes": {
            "isLocked": "false",
            "name": "Child"
          }
        },
        {
          "rel": "System.LinkTypes.Hierarchy-Forward",
          "url": "https://dev.azure.com/Viswanadhamkudapu/_apis/wit/workItems/476",
          "attributes": {
            "isLocked": "false",
            "name": "Child"
          }
        },
        {
          "rel": "System.LinkTypes.Hierarchy-Forward",
          "url": "https://dev.azure.com/Viswanadhamkudapu/_apis/wit/workItems/461",
          "attributes": {
            "isLocked": "false",
            "name": "Child"
          }
        },
        {
          "rel": "System.LinkTypes.Hierarchy-Forward",
          "url": "https://dev.azure.com/Viswanadhamkudapu/_apis/wit/workItems/520",
          "attributes": {
            "isLocked": "false",
            "name": "Child"
          }
        },
        {
          "rel": "System.LinkTypes.Hierarchy-Forward",
          "url": "https://dev.azure.com/Viswanadhamkudapu/_apis/wit/workItems/511",
          "attributes": {
            "isLocked": "false",
            "name": "Child"
          }
        }
      ],
      "url": "https://dev.azure.com/Viswanadhamkudapu/_apis/wit/workItems/460"
    }
  ],
  "HttpStatusCode": 0,
  "Message": null
}